Data;Wycena
2012-03-30;287.42
2012-03-29;294.51
2012-03-28;276.46
2012-03-27;285.03
2012-03-26;297.39
2012-03-23;295.32
2012-03-22;282.76
2012-03-21;278.62
2012-03-20;294.43
2012-03-19;292.81
2012-03-16;295.68
2012-03-15;297.55
2012-03-14;283.04
2012-03-13;277.03
2012-03-12;271.68
2012-03-09;295.03
2012-03-08;293.84
2012-03-07;285.52
2012-03-06;271.08
2012-03-05;291.80
2012-03-02;283.06
2012-03-01;280.91
2012-02-29;272.48
2012-02-28;284.07
2012-02-27;286.13
2012-02-24;276.97
2012-02-23;271.58
2012-02-22;277.55
2012-02-21;288.16
2012-02-20;293.20
2012-02-17;284.45
2012-02-16;281.61
2012-02-15;293.39
2012-02-14;293.45
2012-02-13;297.06
2012-02-10;286.63
2012-02-09;300.17
2012-02-08;299.80
2012-02-07;297.55
2012-02-06;284.40
2012-02-03;275.83
2012-02-02;299.11
2012-02-01;294.19
2012-01-31;294.68
2012-01-30;273.57
2012-01-27;267.06
2012-01-26;284.45
2012-01-25;272.95
2012-01-24;285.80
2012-01-23;279.88
2012-01-20;274.05
2012-01-19;268.91
2012-01-18;261.98
2012-01-17;280.13
2012-01-16;269.38
2012-01-13;271.84
2012-01-12;274.79
2012-01-11;250.27
2012-01-10;252.00
2012-01-09;273.49
2012-01-05;257.78
2012-01-04;260.79
2012-01-03;266.16
2012-01-02;263.00
2011-12-30;263.41
2011-12-29;269.90
2011-12-28;253.21
2011-12-27;258.89
2011-12-23;255.49
2011-12-22;256.23
2011-12-21;254.30
2011-12-20;264.23
2011-12-19;246.39
2011-12-16;255.25
2011-12-15;265.06
2011-12-14;264.19
2011-12-13;269.08
2011-12-12;251.93
2011-12-09;261.10
2011-12-08;267.57
2011-12-07;279.04
2011-12-06;260.14
2011-12-05;263.71
2011-12-02;274.33
2011-12-01;263.19
2011-11-30;260.54
2011-11-29;266.71
2011-11-28;265.26
2011-11-25;272.15
2011-11-24;252.73
2011-11-23;257.14
2011-11-22;265.99
2011-11-21;254.34
2011-11-18;276.84
2011-11-17;276.35
2011-11-16;272.95
2011-11-15;284.22
2011-11-14;272.50
2011-11-10;272.43
2011-11-09;270.37
2011-11-08;280.51
2011-11-07;292.76
2011-11-04;277.36
2011-11-03;292.85
2011-11-02;267.86
2011-10-31;290.97
2011-10-28;295.52
2011-10-27;291.11
2011-10-26;269.51
2011-10-25;282.74
2011-10-24;270.29
2011-10-21;265.93
2011-10-20;264.68
2011-10-19;264.98
2011-10-18;287.93
2011-10-17;279.34
2011-10-14;281.40
2011-10-13;281.65
2011-10-12;281.80
2011-10-11;272.88
2011-10-10;280.79
2011-10-07;253.09
2011-10-06;272.46
2011-10-05;263.57
2011-10-04;258.83
2011-10-03;261.07
2011-09-30;273.25
2011-09-29;276.59
2011-09-28;275.21
2011-09-27;272.71
2011-09-26;255.43
2011-09-23;266.51
2011-09-22;258.88
2011-09-21;269.70
2011-09-20;258.50
2011-09-19;272.32
2011-09-16;274.97
2011-09-15;278.49
2011-09-14;256.05
2011-09-13;263.49
2011-09-12;250.67
2011-09-09;279.29
2011-09-08;286.34
2011-09-07;289.45
2011-09-06;272.97
2011-09-05;272.08
2011-09-02;274.82
2011-09-01;288.42
2011-08-31;296.34
2011-08-30;268.76
2011-08-29;273.76
2011-08-26;274.63
2011-08-25;279.30
2011-08-24;263.64
2011-08-23;278.55
2011-08-22;275.92
2011-08-19;265.53
2011-08-18;276.58
2011-08-17;291.16
2011-08-16;288.53
2011-08-12;267.15
2011-08-11;257.75
2011-08-10;270.99
2011-08-09;281.61
2011-08-08;277.61
2011-08-05;297.24
2011-08-04;288.31
2011-08-03;294.24
2011-08-02;326.82
2011-08-01;315.50
2011-07-29;323.48
2011-07-28;309.74
2011-07-27;324.18
2011-07-26;330.08
2011-07-25;332.75
2011-07-22;316.82
2011-07-21;319.32
2011-07-20;315.01
2011-07-19;324.54
2011-07-18;317.14
2011-07-15;324.71
2011-07-14;311.53
2011-07-13;334.33
2011-07-12;336.27
2011-07-11;310.22
2011-07-08;314.08
2011-07-07;320.59
2011-07-06;326.07
2011-07-05;321.58
2011-07-04;340.85
2011-07-01;342.40
2011-06-30;327.32
2011-06-29;332.44
2011-06-28;339.30
2011-06-27;331.11
2011-06-24;316.19
2011-06-22;329.11
2011-06-21;326.96
2011-06-20;320.67
2011-06-17;318.47
2011-06-16;339.72
2011-06-15;334.27
2011-06-14;333.37
2011-06-13;342.25
2011-06-10;337.72
2011-06-09;328.40
2011-06-08;323.71
2011-06-07;339.05
2011-06-06;328.86
2011-06-03;339.12
2011-06-02;340.65
2011-06-01;323.63
2011-05-31;343.34
2011-05-30;325.17
2011-05-27;347.43
2011-05-26;344.50
2011-05-25;329.93
2011-05-24;332.67
2011-05-23;330.98
2011-05-20;325.15
2011-05-19;324.20
2011-05-18;343.15
2011-05-17;341.35
2011-05-16;319.11
2011-05-13;343.57
2011-05-12;343.26
2011-05-11;335.68
2011-05-10;346.46
2011-05-09;340.17
2011-05-06;335.78
2011-05-05;348.88
2011-05-04;343.39
2011-05-02;329.97
2011-04-29;341.24
2011-04-28;353.37
2011-04-27;329.73
2011-04-26;332.32
2011-04-21;354.26
2011-04-20;346.23
2011-04-19;335.26
2011-04-18;321.79
2011-04-15;344.38
2011-04-14;352.29
2011-04-13;339.96
2011-04-12;324.65
2011-04-11;327.84
2011-04-08;330.26
2011-04-07;334.69
2011-04-06;357.85
2011-04-05;348.49
2011-04-04;338.04
2011-04-01;344.95
2011-03-31;324.34
2011-03-30;320.36
2011-03-29;319.71
2011-03-28;339.75
2011-03-25;336.31
2011-03-24;317.78
2011-03-23;335.99
2011-03-22;343.45
2011-03-21;329.65
2011-03-18;340.68
2011-03-17;336.06
2011-03-16;331.98
2011-03-15;313.92
2011-03-14;344.21
2011-03-11;339.59
2011-03-10;340.34
2011-03-09;339.00
2011-03-08;341.11
2011-03-07;336.70
2011-03-04;329.53
2011-03-03;329.06
2011-03-02;316.09
2011-03-01;320.75
2011-02-28;334.72
2011-02-25;311.47
2011-02-24;316.12
2011-02-23;319.51
2011-02-22;329.90
2011-02-21;332.11
2011-02-18;323.70
2011-02-17;315.31
2011-02-16;315.17
2011-02-15;345.89
2011-02-14;316.61
2011-02-11;324.01
2011-02-10;314.33
2011-02-09;335.33
2011-02-08;336.62
2011-02-07;333.73
2011-02-04;321.15
2011-02-03;330.79
2011-02-02;321.11
2011-02-01;346.33
2011-01-31;331.94
2011-01-28;321.33
2011-01-27;337.17
2011-01-26;318.18
2011-01-25;326.65
2011-01-24;321.22
2011-01-21;333.73
2011-01-20;338.21
2011-01-19;320.49
2011-01-18;350.20
2011-01-17;327.96
2011-01-14;336.82
2011-01-13;319.90
2011-01-12;337.60
2011-01-11;335.93
2011-01-10;325.52
2011-01-07;338.19
2011-01-05;320.30
2011-01-04;342.37
2011-01-03;325.59
2010-12-31;331.58
2010-12-30;351.41
2010-12-29;330.27
2010-12-28;328.55
2010-12-27;349.51
2010-12-23;331.49
2010-12-22;337.09
2010-12-21;345.46
2010-12-20;347.68
2010-12-17;338.18
2010-12-16;330.57
2010-12-15;330.65
2010-12-14;344.54
2010-12-13;329.44
2010-12-10;323.01
2010-12-09;328.07
2010-12-08;329.50
2010-12-07;340.16
2010-12-06;325.71
2010-12-03;344.97
2010-12-02;337.60
2010-12-01;320.73
2010-11-30;309.30
2010-11-29;327.06
2010-11-26;314.27
2010-11-25;329.93
2010-11-24;309.61
2010-11-23;330.45
2010-11-22;319.52
2010-11-19;325.80
2010-11-18;322.90
2010-11-17;341.13
2010-11-16;342.69
2010-11-15;328.76
2010-11-12;341.26
2010-11-10;344.13
2010-11-09;345.85
2010-11-08;333.23
2010-11-05;330.98
2010-11-04;336.33
2010-11-03;334.28
2010-11-02;343.34
2010-10-29;326.63
2010-10-28;335.84
2010-10-27;324.87
2010-10-26;312.19
2010-10-25;337.15
2010-10-22;325.10
2010-10-21;315.35
2010-10-20;314.37
2010-10-19;322.12
2010-10-18;312.71
2010-10-15;316.38
2010-10-14;334.00
2010-10-13;334.83
2010-10-12;314.52
2010-10-11;316.02
2010-10-08;317.69
2010-10-07;327.91
2010-10-06;328.90
2010-10-05;332.31
2010-10-04;307.41
2010-10-01;326.64
2010-09-30;313.33
2010-09-29;301.72
2010-09-28;307.85
2010-09-27;327.27
2010-09-24;314.41
2010-09-23;299.41
2010-09-22;317.95
2010-09-21;315.29
2010-09-20;310.62
2010-09-17;318.73
2010-09-16;306.77
2010-09-15;308.49
2010-09-14;319.93
2010-09-13;301.66
2010-09-10;311.01
2010-09-09;312.29
2010-09-08;310.51
2010-09-07;300.94
2010-09-06;296.59
2010-09-03;312.28
2010-09-02;307.77
2010-09-01;304.11
2010-08-31;299.27
2010-08-30;304.28
2010-08-27;296.63
2010-08-26;290.41
2010-08-25;287.31
2010-08-24;291.99
2010-08-23;307.23
2010-08-20;305.69
2010-08-19;304.47
2010-08-18;311.33
2010-08-17;310.29
2010-08-16;311.76
2010-08-13;302.05
2010-08-12;306.83
2010-08-11;307.04
2010-08-10;309.86
2010-08-09;299.78
2010-08-06;316.77
2010-08-05;317.13
2010-08-04;302.51
2010-08-03;313.04
2010-08-02;307.13
2010-07-30;312.19
2010-07-29;302.89
2010-07-28;301.74
2010-07-27;306.75
2010-07-26;306.52
2010-07-23;314.01
2010-07-22;314.97
2010-07-21;293.65
2010-07-20;282.03
2010-07-19;302.38
2010-07-16;294.98
2010-07-15;288.18
2010-07-14;305.54
2010-07-13;294.33
2010-07-12;285.29
2010-07-09;299.85
2010-07-08;303.02
2010-07-07;281.61
2010-07-06;295.76
2010-07-05;298.32
2010-07-02;277.90
2010-07-01;287.11
2010-06-30;287.34
2010-06-29;294.88
2010-06-28;302.61
2010-06-25;288.10
2010-06-24;282.36
2010-06-23;291.68
2010-06-22;292.60
2010-06-21;284.99
2010-06-18;292.58
2010-06-17;303.95
2010-06-16;306.60
2010-06-15;306.16
2010-06-14;296.04
2010-06-11;286.52
2010-06-10;305.03
2010-06-09;279.58
2010-06-08;296.37
2010-06-07;275.60
2010-06-04;291.13
2010-06-02;294.64
2010-06-01;283.36
2010-05-31;289.73
2010-05-28;305.41
2010-05-27;302.19
2010-05-26;285.61
2010-05-25;277.51
2010-05-24;289.09
2010-05-21;273.62
2010-05-20;279.26
2010-05-19;305.75
2010-05-18;297.36
2010-05-17;297.80
2010-05-14;303.02
2010-05-13;288.17
2010-05-12;307.54
2010-05-11;285.97
2010-05-10;292.53
2010-05-07;282.81
2010-05-06;288.70
2010-05-05;289.36
2010-05-04;298.28
2010-04-30;294.26
2010-04-29;314.76
2010-04-28;296.09
2010-04-27;306.02
2010-04-26;294.80
2010-04-23;310.16
2010-04-22;311.45
2010-04-21;317.29
2010-04-20;296.39
2010-04-19;292.30
2010-04-16;297.28
2010-04-15;323.34
2010-04-14;297.88
2010-04-13;296.20
2010-04-12;312.30
2010-04-09;309.88
2010-04-08;292.05
2010-04-07;307.43
2010-04-06;299.32
2010-04-01;317.51
2010-03-31;307.74
2010-03-30;313.57
2010-03-29;287.34
2010-03-26;304.58
2010-03-25;287.31
2010-03-24;301.67
2010-03-23;311.09
2010-03-22;295.09
2010-03-19;305.64
2010-03-18;306.85
2010-03-17;287.81
2010-03-16;303.24
2010-03-15;281.76
2010-03-12;299.44
2010-03-11;282.87
2010-03-10;293.38
2010-03-09;283.84
2010-03-08;295.42
2010-03-05;295.59
2010-03-04;291.65
2010-03-03;284.42
2010-03-02;297.45
2010-03-01;289.00
2010-02-26;282.35
2010-02-25;278.95
2010-02-24;280.56
2010-02-23;286.52
2010-02-22;291.05
2010-02-19;288.88
2010-02-18;275.83
2010-02-17;277.12
2010-02-16;286.42
2010-02-15;280.02
2010-02-12;279.28
2010-02-11;276.69
2010-02-10;274.17
2010-02-09;279.66
2010-02-08;282.39
2010-02-05;260.97
2010-02-04;267.38
2010-02-03;278.79
2010-02-02;286.32
2010-02-01;283.69
2010-01-29;297.60
2010-01-28;282.97
2010-01-27;279.32
2010-01-26;296.22
2010-01-25;300.73
2010-01-22;302.15
2010-01-21;290.45
2010-01-20;282.98
2010-01-19;308.85
2010-01-18;291.31
2010-01-15;303.68
2010-01-14;305.47
2010-01-13;283.41
2010-01-12;290.67
2010-01-11;299.89
2010-01-08;284.23
2010-01-07;287.42
2010-01-06;278.95
2010-01-05;294.72
2010-01-04;295.09
2009-12-31;293.67
2009-12-30;282.45
2009-12-29;290.99
2009-12-28;288.26
2009-12-23;274.21
2009-12-22;281.47
2009-12-21;284.93
2009-12-18;275.68
2009-12-17;278.45
2009-12-16;277.31
2009-12-15;278.90
2009-12-14;291.26
2009-12-11;293.45
2009-12-10;280.41
2009-12-09;290.77
2009-12-08;269.95
2009-12-07;282.33
2009-12-04;277.18
2009-12-03;287.75
2009-12-02;273.99
2009-12-01;286.37
2009-11-30;274.97
2009-11-27;292.76
2009-11-26;275.99
2009-11-25;270.87
2009-11-24;291.67
2009-11-23;280.99
2009-11-20;278.50
2009-11-19;286.84
2009-11-18;283.94
2009-11-17;275.95
2009-11-16;288.23
2009-11-13;273.74
2009-11-12;294.17
2009-11-10;282.43
2009-11-09;293.86
2009-11-06;272.75
2009-11-05;295.42
2009-11-04;280.20
2009-11-03;290.77
2009-11-02;287.89
2009-10-30;294.65
2009-10-29;282.73
2009-10-28;274.39
2009-10-27;293.05
2009-10-26;297.61
2009-10-23;281.29
2009-10-22;277.14
2009-10-21;279.48
2009-10-20;270.88
2009-10-19;289.07
2009-10-16;284.66
2009-10-15;272.76
2009-10-14;276.61
2009-10-13;285.46
2009-10-12;280.42
2009-10-09;294.14
2009-10-08;292.05
2009-10-07;279.29
2009-10-06;272.63
2009-10-05;272.07
2009-10-02;265.95
2009-10-01;279.46
2009-09-30;283.15
2009-09-29;272.99
2009-09-28;287.64
2009-09-25;287.07
2009-09-24;276.18
2009-09-23;294.93
2009-09-22;274.22
2009-09-21;281.74
2009-09-18;281.80
2009-09-17;286.00
2009-09-16;289.51
2009-09-15;286.70
2009-09-14;274.83
2009-09-11;271.62
2009-09-10;281.52
2009-09-09;286.08
2009-09-08;278.21
2009-09-07;282.37
2009-09-04;279.06
2009-09-03;278.33
2009-09-02;270.13
2009-09-01;283.34
2009-08-31;276.04
2009-08-28;288.21
2009-08-27;281.94
2009-08-26;295.66
2009-08-25;287.03
2009-08-24;271.67
2009-08-21;290.29
2009-08-20;276.26
2009-08-19;284.47
2009-08-18;282.13
2009-08-17;266.98
2009-08-14;275.39
2009-08-13;267.45
2009-08-12;276.07
2009-08-11;267.23
2009-08-10;280.02
2009-08-07;263.75
2009-08-06;270.11
2009-08-05;275.89
2009-08-04;259.66
2009-08-03;278.28
2009-07-31;277.04
2009-07-30;279.77
2009-07-29;277.83
2009-07-28;254.20
2009-07-27;262.41
2009-07-24;255.64
2009-07-23;266.84
2009-07-22;253.41
2009-07-21;263.31
2009-07-20;272.18
2009-07-17;248.95
2009-07-16;267.87
2009-07-15;268.93
2009-07-14;245.18
2009-07-13;250.68
2009-07-10;240.45
2009-07-09;252.14
2009-07-08;246.84
2009-07-07;261.96
2009-07-06;255.94
2009-07-03;250.68
2009-07-02;262.56
2009-07-01;265.48
2009-06-30;264.51
2009-06-29;257.76
2009-06-26;258.13
2009-06-25;250.01
2009-06-24;251.81
2009-06-23;260.88
2009-06-22;254.24
2009-06-19;270.55
2009-06-18;254.60
2009-06-17;250.25
2009-06-16;250.55
2009-06-15;269.71
2009-06-12;260.23
2009-06-10;273.29
2009-06-09;269.09
2009-06-08;251.10
2009-06-05;255.89
2009-06-04;262.57
2009-06-03;251.66
2009-06-02;251.39
2009-06-01;268.39
2009-05-29;256.43
2009-05-28;254.82
2009-05-27;247.82
2009-05-26;254.69
2009-05-25;261.38
2009-05-22;256.47
2009-05-21;245.03
2009-05-20;245.82
2009-05-19;261.72
2009-05-18;255.39
2009-05-15;249.85
2009-05-14;262.09
2009-05-13;258.11
2009-05-12;242.91
2009-05-11;247.50
2009-05-08;247.55
2009-05-07;251.65
2009-05-06;254.66
2009-05-05;249.36
2009-05-04;244.66
2009-04-30;237.31
2009-04-29;239.59
2009-04-28;232.81
2009-04-27;227.94
2009-04-24;230.99
2009-04-23;238.51
2009-04-22;232.47
2009-04-21;231.71
2009-04-20;239.17
2009-04-17;225.53
2009-04-16;244.35
2009-04-15;230.77
2009-04-14;230.35
2009-04-09;243.38
2009-04-08;235.33
2009-04-07;228.39
2009-04-06;228.26
2009-04-03;224.27
2009-04-02;230.54
2009-04-01;206.43
2009-03-31;203.90
2009-03-30;206.42
2009-03-27;210.42
2009-03-26;219.45
2009-03-25;226.18
2009-03-24;214.40
2009-03-23;207.75
2009-03-20;206.01
2009-03-19;201.65
2009-03-18;204.60
2009-03-17;203.89
2009-03-16;211.37
2009-03-13;195.78
2009-03-12;194.01
2009-03-11;201.49
2009-03-10;204.37
2009-03-09;203.60
2009-03-06;194.30
2009-03-05;191.90
2009-03-04;197.37
2009-03-03;193.52
2009-03-02;194.41
2009-02-27;185.11
2009-02-26;195.86
2009-02-25;181.86
2009-02-24;197.63
2009-02-23;199.00
2009-02-20;186.08
2009-02-19;193.50
2009-02-18;195.68
2009-02-17;189.57
2009-02-16;195.17
2009-02-13;212.67
2009-02-12;199.95
2009-02-11;202.97
2009-02-10;212.80
2009-02-09;215.57
2009-02-06;207.67
2009-02-05;203.98
2009-02-04;197.55
2009-02-03;193.84
2009-02-02;215.16
2009-01-30;219.18
2009-01-29;210.98
2009-01-28;210.54
2009-01-27;214.08
2009-01-26;223.99
2009-01-23;203.30
2009-01-22;221.67
2009-01-21;217.95
2009-01-20;206.85
2009-01-19;217.40
2009-01-16;232.02
2009-01-15;219.12
2009-01-14;227.69
2009-01-13;240.81
2009-01-12;231.99
2009-01-09;236.11
2009-01-08;249.89
2009-01-07;231.45
2009-01-06;245.64
2009-01-05;231.52
2008-12-31;234.16
2008-12-30;231.93
2008-12-29;228.31
2008-12-23;229.23
2008-12-22;230.32
2008-12-19;225.91
2008-12-18;245.05
2008-12-17;227.09
2008-12-16;236.67
2008-12-15;242.51
2008-12-12;238.36
2008-12-11;231.87
2008-12-10;235.28
2008-12-09;237.45
2008-12-08;245.38
2008-12-05;243.61
2008-12-04;224.55
2008-12-03;236.11
2008-12-02;238.82
2008-12-01;221.87
2008-11-28;238.37
2008-11-27;235.77
2008-11-26;242.97
2008-11-25;233.18
2008-11-24;234.41
2008-11-21;220.11
2008-11-20;212.02
2008-11-19;221.42
2008-11-18;236.48
2008-11-17;241.00
2008-11-14;231.64
2008-11-13;231.87
2008-11-12;257.99
2008-11-10;258.63
2008-11-07;254.40
2008-11-06;252.34
2008-11-05;258.38
2008-11-04;271.11
2008-11-03;245.88
2008-10-31;259.13
2008-10-30;252.24
2008-10-29;252.79
2008-10-28;232.31
2008-10-27;234.87
2008-10-24;226.67
2008-10-23;245.49
2008-10-22;239.69
2008-10-21;268.90
2008-10-20;273.08
2008-10-17;264.53
2008-10-16;271.06
2008-10-15;274.62
2008-10-14;310.27
2008-10-13;296.35
2008-10-10;289.02
2008-10-09;290.84
2008-10-08;316.06
2008-10-07;316.68
2008-10-06;315.50
2008-10-03;354.76
2008-10-02;337.80
2008-10-01;338.52
2008-09-30;361.33
2008-09-29;353.36
2008-09-26;370.70
2008-09-25;365.22
2008-09-24;366.98
2008-09-23;364.07
2008-09-22;374.05
2008-09-19;358.33
2008-09-18;348.61
2008-09-17;330.42
2008-09-16;356.75
2008-09-15;363.67
2008-09-12;376.15
2008-09-11;357.87
2008-09-10;382.87
2008-09-09;387.72
2008-09-08;405.74
2008-09-05;366.17
2008-09-04;379.54
2008-09-03;396.52
2008-09-02;406.88
2008-09-01;380.05
2008-08-29;375.82
2008-08-28;374.82
2008-08-27;386.79
2008-08-26;364.70
2008-08-25;373.16
2008-08-22;391.31
2008-08-21;380.22
2008-08-20;367.98
2008-08-19;369.93
2008-08-18;408.94
2008-08-14;406.14
2008-08-13;411.71
2008-08-12;406.17
2008-08-11;400.57
2008-08-08;381.00
2008-08-07;390.76
2008-08-06;414.14
2008-08-05;386.49
2008-08-04;391.49
2008-08-01;411.80
2008-07-31;398.98
2008-07-30;416.76
2008-07-29;378.75
2008-07-28;387.72
2008-07-25;379.71
2008-07-24;379.70
2008-07-23;389.03
2008-07-22;373.35
2008-07-21;399.68
2008-07-18;364.81
2008-07-17;359.96
2008-07-16;376.16
2008-07-15;353.18
2008-07-14;382.11
2008-07-11;372.56
2008-07-10;384.98
2008-07-09;391.95
2008-07-08;369.36
2008-07-07;399.46
2008-07-04;375.35
2008-07-03;381.13
2008-07-02;394.29
2008-07-01;391.40
2008-06-30;389.10
2008-06-27;395.99
2008-06-26;422.02
2008-06-25;400.68
2008-06-24;403.54
2008-06-23;433.83
2008-06-20;444.19
2008-06-19;442.80
2008-06-18;430.54
2008-06-17;441.36
2008-06-16;439.58
2008-06-13;447.34
2008-06-12;417.85
2008-06-11;441.33
2008-06-10;432.66
2008-06-09;446.84
2008-06-06;478.44
2008-06-05;473.56
2008-06-04;445.58
2008-06-03;460.28
2008-06-02;447.13
2008-05-30;474.53
2008-05-29;485.46
2008-05-28;465.68
2008-05-27;486.65
2008-05-26;478.85
2008-05-23;447.93
2008-05-21;467.58
2008-05-20;453.28
2008-05-19;466.36
2008-05-16;476.52
2008-05-15;490.42
2008-05-14;490.45
2008-05-13;478.56
2008-05-12;489.04
2008-05-09;479.86
2008-05-08;478.21
2008-05-07;464.66
2008-05-06;462.71
2008-05-05;493.75
2008-04-30;480.39
2008-04-29;477.05
2008-04-28;474.92
2008-04-25;452.23
2008-04-24;465.06
2008-04-23;450.88
2008-04-22;461.20
2008-04-21;467.70
2008-04-18;477.12
2008-04-17;495.94
2008-04-16;491.44
2008-04-15;467.89
2008-04-14;469.99
2008-04-11;487.60
2008-04-10;471.03
2008-04-09;501.64
2008-04-08;470.03
2008-04-07;489.84
2008-04-04;500.26
2008-04-03;513.94
2008-04-02;500.18
2008-04-01;500.93
2008-03-31;457.67
2008-03-28;500.26
2008-03-27;485.11
2008-03-26;480.57
2008-03-25;459.04
2008-03-20;461.80
2008-03-19;448.92
2008-03-18;445.24
2008-03-17;437.53
2008-03-14;477.06
2008-03-13;459.08
2008-03-12;488.62
2008-03-11;462.11
2008-03-10;489.86
2008-03-07;441.56
2008-03-06;473.48
2008-03-05;474.42
2008-03-04;453.21
2008-03-03;484.07
2008-02-29;499.58
2008-02-28;491.02
2008-02-27;519.99
2008-02-26;485.95
2008-02-25;491.12
2008-02-22;499.89
2008-02-21;525.96
2008-02-20;492.26
2008-02-19;507.78
2008-02-18;484.59
2008-02-15;521.25
2008-02-14;484.86
2008-02-13;513.74
2008-02-12;513.77
2008-02-11;504.26
2008-02-08;485.80
2008-02-07;464.57
2008-02-06;461.14
2008-02-05;518.15
2008-02-04;523.66
2008-02-01;491.85
2008-01-31;505.55
2008-01-30;487.85
2008-01-29;478.48
2008-01-28;471.48
2008-01-25;488.48
2008-01-24;479.58
2008-01-23;466.71
2008-01-22;437.34
2008-01-21;486.90
2008-01-18;455.45
2008-01-17;492.26
2008-01-16;458.82
2008-01-15;493.73
2008-01-14;521.47
2008-01-11;509.96
2008-01-10;523.21
2008-01-09;565.63
2008-01-08;566.07
2008-01-07;549.05
2008-01-04;568.53
2008-01-03;540.29
2008-01-02;571.04
2007-12-28;592.16
2007-12-27;558.31
2007-12-21;550.99
2007-12-20;542.28
2007-12-19;560.06
2007-12-18;585.72
2007-12-17;569.69
2007-12-14;589.85
2007-12-13;584.60
2007-12-12;561.07
2007-12-11;577.14
2007-12-10;619.04
2007-12-07;612.33
2007-12-06;602.48
2007-12-05;590.49
2007-12-04;572.75
2007-12-03;566.47
2007-11-30;578.67
2007-11-29;546.78
2007-11-28;561.12
2007-11-27;531.55
2007-11-26;580.65
2007-11-23;573.57
2007-11-22;563.44
2007-11-21;574.81
2007-11-20;538.65
2007-11-19;565.96
2007-11-16;534.97
2007-11-15;591.88
2007-11-14;582.58
2007-11-13;584.29
2007-11-12;603.83
2007-11-09;584.52
2007-11-08;571.19
2007-11-07;589.85
2007-11-06;637.64
2007-11-05;610.92
2007-11-02;595.30
2007-10-31;612.85
2007-10-30;616.41
2007-10-29;633.17
2007-10-26;617.92
2007-10-25;607.40
2007-10-24;629.57
2007-10-23;647.14
2007-10-22;627.84
2007-10-19;608.79
2007-10-18;619.49
2007-10-17;615.01
2007-10-16;648.38
2007-10-15;631.45
2007-10-12;609.26
2007-10-11;606.35
2007-10-10;624.36
2007-10-09;605.24
2007-10-08;632.66
2007-10-05;588.49
2007-10-04;607.04
2007-10-03;620.90
2007-10-02;586.09
2007-10-01;599.37
2007-09-28;624.75
2007-09-27;601.70
2007-09-26;622.07
2007-09-25;589.60
2007-09-24;640.70
2007-09-21;594.21
2007-09-20;604.45
2007-09-19;603.46
2007-09-18;604.09
2007-09-17;577.73
2007-09-14;615.68
2007-09-13;612.11
2007-09-12;574.88
2007-09-11;571.94
2007-09-10;581.75
2007-09-07;612.34
2007-09-06;586.28
2007-09-05;604.43
2007-09-04;625.99
2007-09-03;599.85
2007-08-31;602.31
2007-08-30;600.31
2007-08-29;607.29
2007-08-28;624.72
2007-08-27;616.86
2007-08-24;576.05
2007-08-23;608.29
2007-08-22;606.96
2007-08-21;581.76
2007-08-20;602.71
2007-08-17;547.18
2007-08-16;564.75
2007-08-14;584.94
2007-08-13;593.58
2007-08-10;612.47
2007-08-09;586.60
2007-08-08;626.63
2007-08-07;613.65
2007-08-06;600.02
2007-08-03;620.82
2007-08-02;652.04
2007-08-01;640.94
2007-07-31;614.11
2007-07-30;617.75
2007-07-27;642.83
2007-07-26;655.76
2007-07-25;656.97
2007-07-24;671.14
2007-07-23;669.04
2007-07-20;656.93
2007-07-19;649.44
2007-07-18;672.86
2007-07-17;637.38
2007-07-16;665.52
2007-07-13;654.45
2007-07-12;650.02
2007-07-11;667.81
2007-07-10;636.13
2007-07-09;680.80
2007-07-06;636.14
2007-07-05;637.58
2007-07-04;683.78
2007-07-03;643.23
2007-07-02;632.33
2007-06-29;651.83
2007-06-28;624.15
2007-06-27;663.53
2007-06-26;657.11
2007-06-25;640.39
2007-06-22;618.13
2007-06-21;642.63
2007-06-20;655.82
2007-06-19;625.12
2007-06-18;670.76
2007-06-15;664.34
2007-06-14;617.97
2007-06-13;611.22
2007-06-12;658.81
2007-06-11;658.31
2007-06-08;601.08
2007-06-06;613.66
2007-06-05;655.96
2007-06-04;630.83
2007-06-01;619.19
2007-05-31;615.95
2007-05-30;608.63
2007-05-29;636.20
2007-05-28;637.52
2007-05-25;628.86
2007-05-24;577.19
2007-05-23;606.71
2007-05-22;631.16
2007-05-21;616.41
2007-05-18;618.26
2007-05-17;595.00
2007-05-16;571.07
2007-05-15;582.01
2007-05-14;610.17
2007-05-11;589.33
2007-05-10;593.80
2007-05-09;577.21
2007-05-08;625.33
2007-05-07;583.08
2007-05-04;590.25
2007-05-02;616.33
2007-04-30;578.51
2007-04-27;577.39
2007-04-26;589.59
2007-04-25;581.92
2007-04-24;570.29
2007-04-23;565.35
2007-04-20;614.76
2007-04-19;593.68
2007-04-18;570.75
2007-04-17;585.57
2007-04-16;583.29
2007-04-13;569.12
2007-04-12;568.90
2007-04-11;563.50
2007-04-10;552.17
2007-04-05;541.79
2007-04-04;553.12
2007-04-03;552.53
2007-04-02;557.07
2007-03-30;556.00
2007-03-29;546.69
2007-03-28;565.06
2007-03-27;581.01
2007-03-26;549.67
2007-03-23;560.46
2007-03-22;553.89
2007-03-21;526.53
2007-03-20;538.25
2007-03-19;508.33
2007-03-16;536.05
2007-03-15;507.16
2007-03-14;506.58
2007-03-13;526.88
2007-03-12;503.97
2007-03-09;517.88
2007-03-08;529.00
2007-03-07;504.54
2007-03-06;493.90
2007-03-05;504.23
2007-03-02;520.46
2007-03-01;510.36
2007-02-28;527.98
2007-02-27;541.00
2007-02-26;558.58
2007-02-23;556.39
2007-02-22;546.76
2007-02-21;543.00
2007-02-20;527.81
2007-02-19;556.22
2007-02-16;548.45
2007-02-15;518.48
2007-02-14;521.94
2007-02-13;512.33
2007-02-12;510.47
2007-02-09;514.29
2007-02-08;534.30
2007-02-07;554.78
2007-02-06;525.14
2007-02-05;525.63
2007-02-02;516.72
2007-02-01;523.88
2007-01-31;524.08
2007-01-30;531.64
2007-01-29;544.30
2007-01-26;535.37
2007-01-25;510.24
2007-01-24;546.81
2007-01-23;541.46
2007-01-22;521.79
2007-01-19;540.15
2007-01-18;512.23
2007-01-17;532.28
2007-01-16;508.80
2007-01-15;517.69
2007-01-12;510.54
2007-01-11;495.75
2007-01-10;489.40
2007-01-09;505.78
2007-01-08;491.35
2007-01-05;520.29
2007-01-04;482.57
2007-01-03;526.15
2007-01-02;482.86
2006-12-29;497.48
2006-12-28;522.41
2006-12-27;484.95
2006-12-22;504.65
2006-12-21;506.25
2006-12-20;479.44
2006-12-19;508.99
2006-12-18;518.99
2006-12-15;487.75
2006-12-14;531.02
2006-12-13;489.32
2006-12-12;494.35
2006-12-11;502.58
2006-12-08;504.42
2006-12-07;516.87
2006-12-06;519.20
2006-12-05;501.85
2006-12-04;525.44
2006-12-01;479.16
2006-11-30;515.75
2006-11-29;484.49
2006-11-28;472.47
2006-11-27;511.60
2006-11-24;511.36
2006-11-23;487.65
2006-11-22;493.78
2006-11-21;487.79
2006-11-20;457.84
2006-11-17;478.09
2006-11-16;456.51
2006-11-15;494.77
2006-11-14;488.76
2006-11-13;475.40
2006-11-10;507.18
2006-11-09;478.71
2006-11-08;470.41
2006-11-07;470.80
2006-11-06;474.64
2006-11-03;448.79
2006-11-02;479.68
2006-10-31;489.75
2006-10-30;487.88
2006-10-27;468.45
2006-10-26;486.08
2006-10-25;462.79
2006-10-24;489.67
2006-10-23;454.55
2006-10-20;469.23
2006-10-19;488.52
2006-10-18;485.74
2006-10-17;471.57
2006-10-16;466.75
2006-10-13;467.57
2006-10-12;482.12
2006-10-11;476.25
2006-10-10;445.93
2006-10-09;455.43
2006-10-06;447.64
2006-10-05;428.63
2006-10-04;426.13
2006-10-03;424.08
2006-10-02;454.99
2006-09-29;456.50
2006-09-28;426.69
2006-09-27;435.29
2006-09-26;464.86
2006-09-25;433.75
2006-09-22;435.41
2006-09-21;441.64
2006-09-20;443.14
2006-09-19;429.62
2006-09-18;457.92
2006-09-15;446.30
2006-09-14;440.47
2006-09-13;439.69
2006-09-12;429.71
2006-09-11;446.91
2006-09-08;448.89
2006-09-07;439.66
2006-09-06;459.48
2006-09-05;453.56
2006-09-04;432.64
2006-09-01;436.64
2006-08-31;433.17
2006-08-30;444.06
2006-08-29;447.22
2006-08-28;440.30
2006-08-25;445.56
2006-08-24;415.07
2006-08-23;441.89
2006-08-22;436.11
2006-08-21;446.30
2006-08-18;430.44
2006-08-17;453.45
2006-08-16;429.61
2006-08-14;438.79
2006-08-11;416.83
2006-08-10;431.51
2006-08-09;443.44
2006-08-08;437.31
2006-08-07;420.93
2006-08-04;455.91
2006-08-03;443.07
2006-08-02;427.71
2006-08-01;457.36
2006-07-31;470.82
2006-07-28;440.42
2006-07-27;464.78
2006-07-26;436.58
2006-07-25;436.24
2006-07-24;438.15
2006-07-21;420.18
2006-07-20;427.33
2006-07-19;423.26
2006-07-18;407.91
2006-07-17;404.97
2006-07-14;415.57
2006-07-13;435.24
2006-07-12;419.84
2006-07-11;413.06
2006-07-10;431.94
2006-07-07;424.07
2006-07-06;420.34
2006-07-05;411.73
2006-07-04;423.13
2006-07-03;405.20
2006-06-30;400.37
2006-06-29;402.32
2006-06-28;381.41
2006-06-27;411.08
2006-06-26;379.75
2006-06-23;389.69
2006-06-22;377.73
2006-06-21;387.29
2006-06-20;368.02
2006-06-19;394.72
2006-06-16;368.53
2006-06-14;353.82
2006-06-13;375.54
2006-06-12;380.53
2006-06-09;409.22
2006-06-08;380.83
2006-06-07;396.76
2006-06-06;432.94
2006-06-05;419.32
2006-06-02;428.96
2006-06-01;415.82
2006-05-31;391.15
2006-05-30;404.32
2006-05-29;420.21
2006-05-26;399.25
2006-05-25;390.80
2006-05-24;408.08
2006-05-23;397.03
2006-05-22;418.39
2006-05-19;436.79
2006-05-18;435.93
2006-05-17;452.14
2006-05-16;432.31
2006-05-15;442.36
2006-05-12;458.79
2006-05-11;464.51
2006-05-10;461.77
2006-05-09;453.59
2006-05-08;472.72
2006-05-05;462.29
2006-05-04;462.53
2006-05-02;466.45
2006-04-28;456.19
2006-04-27;440.84
2006-04-26;435.62
2006-04-25;434.42
2006-04-24;475.78
2006-04-21;451.79
2006-04-20;447.51
2006-04-19;448.64
2006-04-18;455.07
2006-04-13;434.36
2006-04-12;435.86
2006-04-11;446.78
2006-04-10;430.75
2006-04-07;441.52
2006-04-06;440.10
2006-04-05;448.85
2006-04-04;410.41
2006-04-03;426.53
2006-03-31;420.02
2006-03-30;420.05
2006-03-29;412.93
2006-03-28;445.12
2006-03-27;434.02
2006-03-24;425.93
2006-03-23;428.14
2006-03-22;418.64
2006-03-21;427.12
2006-03-20;418.84
2006-03-17;416.34
2006-03-16;398.07
2006-03-15;424.25
2006-03-14;399.24
2006-03-13;421.61
2006-03-10;413.54
2006-03-09;390.22
2006-03-08;400.41
2006-03-07;399.23
2006-03-06;431.48
2006-03-03;436.36
2006-03-02;414.45
2006-03-01;417.29
2006-02-28;433.79
2006-02-27;420.53
2006-02-24;402.01
2006-02-23;401.14
2006-02-22;408.79
2006-02-21;434.89
2006-02-20;413.14
2006-02-17;389.49
2006-02-16;411.72
2006-02-15;423.28
2006-02-14;408.19
2006-02-13;411.80
2006-02-10;389.35
2006-02-09;418.91
2006-02-08;413.92
2006-02-07;421.97
2006-02-06;416.65
2006-02-03;392.16
2006-02-02;421.73
2006-02-01;402.19
2006-01-31;405.49
2006-01-30;425.38
2006-01-27;422.18
2006-01-26;414.75
2006-01-25;422.56
2006-01-24;426.00
2006-01-23;425.01
2006-01-20;427.99
2006-01-19;424.54
2006-01-18;401.42
2006-01-17;407.38
2006-01-16;425.48
2006-01-13;403.50
2006-01-12;411.55
2006-01-11;413.00
2006-01-10;412.36
2006-01-09;398.97
2006-01-06;409.17
2006-01-05;411.02
2006-01-04;424.68
2006-01-03;406.94
2006-01-02;390.89
2005-12-30;391.12
2005-12-29;378.70
2005-12-28;402.96
2005-12-27;403.12
2005-12-23;396.95
2005-12-22;400.82
2005-12-21;383.79
2005-12-20;393.65
2005-12-19;372.53
2005-12-16;380.52
2005-12-15;399.13
2005-12-14;376.31
2005-12-13;369.48
2005-12-12;388.71
2005-12-09;390.95
2005-12-08;380.82
2005-12-07;372.12
2005-12-06;376.85
2005-12-05;373.46
2005-12-02;364.76
2005-12-01;393.43
2005-11-30;372.25
2005-11-29;365.37
2005-11-28;381.14
2005-11-25;358.44
2005-11-24;357.24
2005-11-23;370.58
2005-11-22;367.13
2005-11-21;389.18
2005-11-18;365.64
2005-11-17;377.34
2005-11-16;367.52
2005-11-15;385.36
2005-11-14;382.98
2005-11-10;375.71
2005-11-09;373.97
2005-11-08;381.66
2005-11-07;374.60
2005-11-04;358.76
2005-11-03;384.52
2005-11-02;378.47
2005-10-31;366.25
2005-10-28;358.49
2005-10-27;345.21
2005-10-26;351.36
2005-10-25;349.36
2005-10-24;361.92
2005-10-21;362.70
2005-10-20;341.55
2005-10-19;351.83
2005-10-18;346.96
2005-10-17;347.21
2005-10-14;364.65
2005-10-13;361.15
2005-10-12;367.12
2005-10-11;355.73
2005-10-10;377.49
2005-10-07;375.64
2005-10-06;369.99
2005-10-05;386.40
2005-10-04;369.19
2005-10-03;363.38
2005-09-30;386.85
2005-09-29;380.63
2005-09-28;392.47
2005-09-27;383.30
2005-09-26;359.15
2005-09-23;381.52
2005-09-22;386.02
2005-09-21;374.49
2005-09-20;378.04
2005-09-19;364.40
2005-09-16;362.83
2005-09-15;356.40
2005-09-14;376.61
2005-09-13;353.33
2005-09-12;363.05
2005-09-09;345.95
2005-09-08;365.57
2005-09-07;356.59
2005-09-06;343.62
2005-09-05;362.37
2005-09-02;353.10
2005-09-01;366.89
2005-08-31;362.14
2005-08-30;347.03
2005-08-29;340.30
2005-08-26;336.50
2005-08-25;341.59
2005-08-24;332.12
2005-08-23;361.57
2005-08-22;346.56
2005-08-19;342.16
2005-08-18;334.03
2005-08-17;354.70
2005-08-16;357.33
2005-08-12;349.04
2005-08-11;360.84
2005-08-10;355.73
2005-08-09;349.40
2005-08-08;366.74
2005-08-05;336.11
2005-08-04;351.31
2005-08-03;359.57
2005-08-02;339.16
2005-08-01;353.55
2005-07-29;339.14
2005-07-28;339.87
2005-07-27;332.77
2005-07-26;338.77
2005-07-25;343.78
2005-07-22;341.42
2005-07-21;334.97
2005-07-20;340.28
2005-07-19;334.95
2005-07-18;333.70
2005-07-15;348.32
2005-07-14;325.34
2005-07-13;332.22
2005-07-12;330.68
2005-07-11;334.40
2005-07-08;339.59
2005-07-07;334.26
2005-07-06;318.70
2005-07-05;336.11
2005-07-04;347.56
2005-07-01;312.87
2005-06-30;329.91
2005-06-29;340.00
2005-06-28;329.20
2005-06-27;327.86
2005-06-24;333.25
2005-06-23;320.34
2005-06-22;339.04
2005-06-21;334.60
2005-06-20;333.46
2005-06-17;310.44
2005-06-16;329.53
2005-06-15;321.54
2005-06-14;336.13
2005-06-13;327.45
2005-06-10;319.09
2005-06-09;314.03
2005-06-08;329.10
2005-06-07;327.61
2005-06-06;328.08
2005-06-03;326.14
2005-06-02;307.10
2005-06-01;304.20
2005-05-31;324.51
2005-05-30;323.27
2005-05-27;311.92
2005-05-25;312.72
2005-05-24;309.87
2005-05-23;304.81
2005-05-20;301.72
2005-05-19;294.10
2005-05-18;305.97
2005-05-17;297.24
2005-05-16;309.20
2005-05-13;311.41
2005-05-12;289.12
2005-05-11;290.24
2005-05-10;295.58
2005-05-09;304.21
2005-05-06;316.92
2005-05-05;301.59
2005-05-04;317.49
2005-05-02;306.28
2005-04-29;290.19
2005-04-28;316.01
2005-04-27;314.21
2005-04-26;318.77
2005-04-25;305.21
2005-04-22;300.24
2005-04-21;301.96
2005-04-20;296.14
2005-04-19;293.69
2005-04-18;316.11
2005-04-15;316.22
2005-04-14;299.20
2005-04-13;330.81
2005-04-12;321.34
2005-04-11;319.97
2005-04-07;301.71
2005-04-06;324.88
2005-04-05;310.66
2005-04-04;314.76
2005-04-01;306.18
2005-03-31;327.93
2005-03-30;308.99
2005-03-29;304.87
2005-03-24;327.01
2005-03-23;320.59
2005-03-22;308.06
2005-03-21;321.95
2005-03-18;317.82
2005-03-17;312.17
2005-03-16;315.61
2005-03-15;310.19
2005-03-14;312.02
2005-03-11;311.64
2005-03-10;334.72
2005-03-09;309.72
2005-03-08;316.47
2005-03-07;317.39
2005-03-04;328.68
2005-03-03;314.60
2005-03-02;333.57
2005-03-01;315.10
2005-02-28;316.35
2005-02-25;319.86
2005-02-24;326.99
2005-02-23;320.21
2005-02-22;335.71
2005-02-21;309.25
2005-02-18;317.13
2005-02-17;337.08
2005-02-16;312.24
2005-02-15;316.96
2005-02-14;320.56
2005-02-11;319.31
2005-02-10;298.10
2005-02-09;311.10
2005-02-08;315.61
2005-02-07;311.24
2005-02-04;318.02
2005-02-03;291.73
2005-02-02;293.04
2005-02-01;303.96
2005-01-31;295.99
2005-01-28;306.10
2005-01-27;303.72
2005-01-26;283.17
2005-01-25;299.24
2005-01-24;302.37
2005-01-21;298.82
2005-01-20;282.56
2005-01-19;295.91
2005-01-18;283.57
2005-01-17;310.30
2005-01-14;294.82
2005-01-13;302.59
2005-01-12;286.90
2005-01-11;301.77
2005-01-10;307.44
2005-01-07;305.60
2005-01-06;297.54
2005-01-05;294.34
2005-01-04;304.47
2005-01-03;292.49
2004-12-31;317.55
2004-12-30;292.46
2004-12-29;300.46
2004-12-28;291.89
2004-12-27;308.18
2004-12-24;309.44
2004-12-23;301.17
2004-12-22;296.78
2004-12-21;311.68
2004-12-20;308.09
2004-12-17;313.07
2004-12-16;291.38
2004-12-15;291.99
2004-12-14;285.77
2004-12-13;306.17
2004-12-10;303.55
2004-12-09;307.96
2004-12-08;313.81
2004-12-07;297.51
2004-12-06;295.17
2004-12-03;311.58
2004-12-02;293.90
2004-12-01;303.41
2004-11-30;290.03
2004-11-29;294.81
2004-11-26;294.79
2004-11-25;282.84
2004-11-24;292.57
2004-11-23;300.68
2004-11-22;307.09
2004-11-19;296.77
2004-11-18;297.07
2004-11-17;289.56
2004-11-16;290.28
2004-11-15;308.18
2004-11-12;301.27
2004-11-10;282.31
2004-11-09;288.25
2004-11-08;299.82
2004-11-05;280.74
2004-11-04;300.34
2004-11-03;289.76
2004-11-02;285.67
2004-10-29;282.67
2004-10-28;286.79
2004-10-27;274.96
2004-10-26;289.98
2004-10-25;286.24
2004-10-22;301.77
2004-10-21;298.55
2004-10-20;278.71
2004-10-19;279.36
2004-10-18;295.56
2004-10-15;284.52
2004-10-14;302.20
2004-10-13;280.85
2004-10-12;304.33
2004-10-11;295.39
2004-10-08;305.31
2004-10-07;288.31
2004-10-06;299.63
2004-10-05;307.25
2004-10-04;281.40
2004-10-01;297.87
2004-09-30;295.51
2004-09-29;281.14
2004-09-28;293.96
2004-09-27;285.94
2004-09-24;297.81
2004-09-23;290.84
2004-09-22;303.61
2004-09-21;303.10
2004-09-20;296.46
2004-09-17;292.16
2004-09-16;279.35
2004-09-15;303.02
2004-09-14;300.77
2004-09-13;286.17
2004-09-10;292.39
2004-09-09;287.44
2004-09-08;275.22
2004-09-07;299.11
2004-09-06;288.35
2004-09-03;283.62
2004-09-02;295.07
2004-09-01;275.25
2004-08-31;293.24
2004-08-30;286.47
2004-08-27;282.59
2004-08-26;290.16
2004-08-25;279.06
2004-08-24;285.66
2004-08-23;285.95
2004-08-20;269.58
2004-08-19;276.35
2004-08-18;275.84
2004-08-17;265.70
2004-08-16;262.26
2004-08-13;274.16
2004-08-12;283.71
2004-08-11;268.16
2004-08-10;273.55
2004-08-09;275.81
2004-08-06;275.27
2004-08-05;271.74
2004-08-04;276.94
2004-08-03;281.59
2004-08-02;269.16
2004-07-30;267.99
2004-07-29;269.61
2004-07-28;281.50
2004-07-27;282.57
2004-07-26;275.67
2004-07-23;279.82
2004-07-22;271.40
2004-07-21;281.96
2004-07-20;284.54
2004-07-19;283.07
2004-07-16;271.05
2004-07-15;271.56
2004-07-14;266.62
2004-07-13;278.00
2004-07-12;280.74
2004-07-09;279.25
2004-07-08;289.34
2004-07-07;270.54
2004-07-06;277.09
2004-07-05;264.82
2004-07-02;277.09
2004-07-01;284.89
2004-06-30;270.91
2004-06-29;276.24
2004-06-28;277.73
2004-06-25;281.43
2004-06-24;284.24
2004-06-23;262.46
2004-06-22;268.01
2004-06-21;271.38
2004-06-18;259.72
2004-06-17;279.46
2004-06-16;274.61
2004-06-15;273.99
2004-06-14;281.63
2004-06-11;286.08
2004-06-09;267.05
2004-06-08;285.71
2004-06-07;269.46
2004-06-04;263.58
2004-06-03;265.86
2004-06-02;272.56
2004-06-01;278.79
2004-05-31;277.58
2004-05-28;265.11
2004-05-27;264.99
2004-05-26;270.81
2004-05-25;283.77
2004-05-24;280.66
2004-05-21;270.08
2004-05-20;273.07
2004-05-19;268.79
2004-05-18;258.73
2004-05-17;273.39
2004-05-14;254.99
2004-05-13;274.59
2004-05-12;274.84
2004-05-11;260.86
2004-05-10;283.48
2004-05-07;284.84
2004-05-06;284.28
2004-05-05;286.11
2004-05-04;280.53
2004-04-30;280.23
2004-04-29;271.07
2004-04-28;275.46
2004-04-27;277.63
2004-04-26;285.09
2004-04-23;289.94
2004-04-22;277.69
2004-04-21;289.19
2004-04-20;287.43
2004-04-19;283.96
2004-04-16;296.95
2004-04-15;290.69
2004-04-14;303.51
2004-04-13;281.43
2004-04-08;281.44
2004-04-07;278.26
2004-04-06;278.68
2004-04-05;284.88
2004-04-02;281.35
2004-04-01;265.34
2004-03-31;272.82
2004-03-30;282.55
2004-03-29;280.05
2004-03-26;265.13
2004-03-25;272.89
2004-03-24;258.49
2004-03-23;268.64
2004-03-22;270.37
2004-03-19;284.02
2004-03-18;270.31
2004-03-17;267.96
2004-03-16;274.50
2004-03-15;266.28
2004-03-12;284.45
2004-03-11;265.45
2004-03-10;272.65
2004-03-09;267.00
2004-03-08;271.60
2004-03-05;267.23
2004-03-04;263.42
2004-03-03;287.03
2004-03-02;273.21
2004-03-01;278.07
2004-02-27;267.89
2004-02-26;276.04
2004-02-25;277.59
2004-02-24;259.26
2004-02-23;280.38
2004-02-20;281.55
2004-02-19;286.28
2004-02-18;285.49
2004-02-17;263.99
2004-02-16;283.53
2004-02-13;264.26
2004-02-12;285.25
2004-02-11;278.61
2004-02-10;262.82
2004-02-09;261.87
2004-02-06;269.46
2004-02-05;268.88
2004-02-04;259.44
2004-02-03;277.56
2004-02-02;273.89
2004-01-30;256.85
2004-01-29;259.38
2004-01-28;262.32
2004-01-27;261.67
2004-01-26;259.87
2004-01-23;255.77
2004-01-22;260.76
2004-01-21;255.76
2004-01-20;258.58
2004-01-19;263.27
2004-01-16;263.58
2004-01-15;259.85
2004-01-14;268.01
2004-01-13;258.84
2004-01-12;255.66
2004-01-09;274.21
2004-01-08;260.15
2004-01-07;269.23
2004-01-06;276.07
2004-01-05;247.83
2004-01-02;254.06
2003-12-31;261.69
2003-12-30;240.00
2003-12-29;256.70
2003-12-23;250.02
2003-12-22;252.54
2003-12-19;256.97
2003-12-18;244.96
2003-12-17;254.19
2003-12-16;237.86
2003-12-15;237.86
2003-12-12;239.35
2003-12-11;250.92
2003-12-10;242.44
2003-12-09;248.60
2003-12-08;245.53
2003-12-05;241.06
2003-12-04;248.22
2003-12-03;230.28
2003-12-02;234.48
2003-12-01;244.64
2003-11-28;240.54
2003-11-27;240.74
2003-11-26;238.30
2003-11-25;232.93
2003-11-24;237.17
2003-11-21;219.90
2003-11-20;225.87
2003-11-19;233.91
2003-11-18;245.36
2003-11-17;245.01
2003-11-14;245.05
2003-11-13;248.10
2003-11-12;248.58
2003-11-10;250.82
2003-11-07;248.64
2003-11-06;238.62
2003-11-05;249.00
2003-11-04;246.23
2003-11-03;237.77
2003-10-31;258.92
2003-10-30;240.97
2003-10-29;237.48
2003-10-28;232.74
2003-10-27;253.69
2003-10-24;250.89
2003-10-23;235.71
2003-10-22;248.98
2003-10-21;261.44
2003-10-20;251.14
2003-10-17;241.57
2003-10-16;252.27
2003-10-15;256.32
2003-10-14;261.12
2003-10-13;262.74
2003-10-10;252.47
2003-10-09;244.39
2003-10-08;255.39
2003-10-07;242.88
2003-10-06;250.64
2003-10-03;227.32
2003-10-02;224.29
2003-10-01;236.41
2003-09-30;230.51
2003-09-29;236.36
2003-09-26;249.76
2003-09-25;253.16
2003-09-24;238.56
2003-09-23;243.26
2003-09-22;251.78
2003-09-19;246.61
2003-09-18;249.08
2003-09-17;237.65
2003-09-16;241.89
2003-09-15;240.07
2003-09-12;245.13
2003-09-11;251.01
2003-09-10;246.82
2003-09-09;259.95
2003-09-08;254.88
2003-09-05;264.54
2003-09-04;272.18
2003-09-03;268.38
2003-09-02;265.17
2003-09-01;255.18
2003-08-29;246.65
2003-08-28;262.77
2003-08-27;254.99
2003-08-26;254.53
2003-08-25;255.31
2003-08-22;247.89
2003-08-21;249.67
2003-08-20;236.42
2003-08-19;255.69
2003-08-18;239.46
2003-08-14;239.80
2003-08-13;229.44
2003-08-12;227.80
2003-08-11;232.43
2003-08-08;219.75
2003-08-07;226.21
2003-08-06;232.32
2003-08-05;224.33
2003-08-04;235.22
2003-08-01;219.31
2003-07-31;224.56
2003-07-30;220.69
2003-07-29;215.66
2003-07-28;216.26
2003-07-25;226.45
2003-07-24;212.80
2003-07-23;225.58
2003-07-22;221.56
2003-07-21;217.51
2003-07-18;221.17
2003-07-17;208.28
2003-07-16;214.88
2003-07-15;213.78
2003-07-14;207.95
2003-07-11;212.28
2003-07-10;206.64
2003-07-09;201.19
2003-07-08;204.25
2003-07-07;215.41
2003-07-04;201.82
2003-07-03;196.58
2003-07-02;209.23
2003-07-01;200.38
2003-06-30;211.88
2003-06-27;207.35
2003-06-26;206.13
2003-06-25;202.87
2003-06-24;197.00
2003-06-23;195.45
2003-06-20;195.58
2003-06-18;197.44
2003-06-17;200.44
2003-06-16;206.40
2003-06-13;205.43
2003-06-12;207.24
2003-06-11;195.77
2003-06-10;197.36
2003-06-09;193.29
2003-06-06;205.06
2003-06-05;194.93
2003-06-04;189.50
2003-06-03;192.38
2003-06-02;193.58
2003-05-30;186.87
2003-05-29;197.98
2003-05-28;194.51
2003-05-27;196.10
2003-05-26;189.09
2003-05-23;195.31
2003-05-22;191.46
2003-05-21;200.09
2003-05-20;189.74
2003-05-19;183.49
2003-05-16;194.88
2003-05-15;184.17
2003-05-14;195.32
2003-05-13;182.26
2003-05-12;189.78
2003-05-09;186.66
2003-05-08;197.47
2003-05-07;195.12
2003-05-06;198.44
2003-05-05;190.77
2003-05-02;182.05
2003-04-30;178.69
2003-04-29;194.79
2003-04-28;177.33
2003-04-25;188.80
2003-04-24;190.60
2003-04-23;183.42
2003-04-22;187.51
2003-04-17;183.31
2003-04-16;178.95
2003-04-15;183.85
2003-04-14;179.06
2003-04-11;180.53
2003-04-10;181.51
2003-04-09;189.10
2003-04-08;195.29
2003-04-07;186.71
2003-04-04;176.22
2003-04-03;178.92
2003-04-02;172.64
2003-04-01;182.79
2003-03-31;181.28
2003-03-28;176.80
2003-03-27;176.03
2003-03-26;186.61
2003-03-25;188.37
2003-03-24;176.71
2003-03-21;175.13
2003-03-20;189.27
2003-03-19;173.44
2003-03-18;175.37
2003-03-17;189.72
2003-03-14;177.23
2003-03-13;176.67
2003-03-12;183.79
2003-03-11;182.01
2003-03-10;182.28
2003-03-07;179.94
2003-03-06;173.93
2003-03-05;184.98
2003-03-04;187.53
2003-03-03;189.29
2003-02-28;180.88
2003-02-27;179.19
2003-02-26;174.11
2003-02-25;188.91
2003-02-24;188.98
2003-02-21;184.57
2003-02-20;188.28
2003-02-19;176.94
2003-02-18;190.29
2003-02-17;173.19
2003-02-14;180.71
2003-02-13;189.27
2003-02-12;185.00
2003-02-11;173.86
2003-02-10;179.91
2003-02-07;186.21
2003-02-06;187.09
2003-02-05;188.73
2003-02-04;183.78
2003-02-03;176.54
2003-01-31;182.80
2003-01-30;175.00
2003-01-29;179.43
2003-01-28;181.09
2003-01-27;186.66
2003-01-24;191.95
2003-01-23;184.29
2003-01-22;184.84
2003-01-21;194.25
2003-01-20;191.85
2003-01-17;195.35
2003-01-16;196.19
2003-01-15;194.19
2003-01-14;192.08
2003-01-13;191.32
2003-01-10;184.34
2003-01-09;190.38
2003-01-08;201.78
2003-01-07;198.24
2003-01-06;191.13
2003-01-03;180.30
2003-01-02;184.60
2002-12-31;182.85
2002-12-30;180.07
2002-12-27;183.19
2002-12-23;191.43
2002-12-20;184.03
2002-12-19;184.28
2002-12-18;185.10
2002-12-17;192.98
2002-12-16;183.76
2002-12-13;188.44
2002-12-12;183.73
2002-12-11;194.23
2002-12-10;181.45
2002-12-09;187.70
2002-12-06;185.14
2002-12-05;190.13
2002-12-04;189.54
2002-12-03;199.56
2002-12-02;194.17
2002-11-29;197.90
2002-11-28;182.46
2002-11-27;191.93
2002-11-26;193.68
2002-11-25;191.85
2002-11-22;193.46
2002-11-21;176.57
2002-11-20;175.03
2002-11-19;179.14
2002-11-18;188.00
2002-11-15;185.67
2002-11-14;183.32
2002-11-13;186.51
2002-11-12;182.42
2002-11-08;179.31
2002-11-07;177.69
2002-11-06;186.46
2002-11-05;188.45
2002-11-04;190.10
2002-10-31;189.61
2002-10-30;181.66
2002-10-29;188.48
2002-10-28;185.35
2002-10-25;180.11
2002-10-24;185.34
2002-10-23;179.01
2002-10-22;175.55
2002-10-21;172.40
2002-10-18;173.17
2002-10-17;184.58
2002-10-16;184.73
2002-10-15;173.52
2002-10-14;177.34
2002-10-11;178.08
2002-10-10;164.76
2002-10-09;165.59
2002-10-08;165.64
2002-10-07;166.69
2002-10-04;169.92
2002-10-03;175.01
2002-10-02;175.69
2002-10-01;167.13
2002-09-30;177.04
2002-09-27;185.66
2002-09-26;174.87
2002-09-25;180.74
2002-09-24;177.81
2002-09-23;179.80
2002-09-20;182.15
2002-09-19;180.39
2002-09-18;179.96
2002-09-17;175.42
2002-09-16;184.25
2002-09-13;183.40
2002-09-12;177.74
2002-09-11;173.31
2002-09-10;183.17
2002-09-09;178.83
2002-09-06;182.38
2002-09-05;178.55
2002-09-04;179.58
2002-09-03;190.60
2002-09-02;179.45
2002-08-30;189.05
2002-08-29;191.12
2002-08-28;190.48
2002-08-27;184.99
2002-08-26;184.85
2002-08-23;189.66
2002-08-22;186.93
2002-08-21;170.46
2002-08-20;185.74
2002-08-19;171.79
2002-08-16;179.52
2002-08-14;177.45
2002-08-13;181.16
2002-08-12;179.42
2002-08-09;183.41
2002-08-08;173.12
2002-08-07;176.26
2002-08-06;173.96
2002-08-05;182.26
2002-08-02;181.29
2002-08-01;170.92
2002-07-31;184.81
2002-07-30;175.61
2002-07-29;175.67
2002-07-26;178.83
2002-07-25;171.01
2002-07-24;185.22
2002-07-23;177.23
2002-07-22;176.66
2002-07-19;181.82
2002-07-18;190.35
2002-07-17;181.02
2002-07-16;191.99
2002-07-15;190.83
2002-07-12;186.70
2002-07-11;192.57
2002-07-10;183.01
2002-07-09;196.24
2002-07-08;186.57
2002-07-05;195.49
2002-07-04;181.27
2002-07-03;188.56
2002-07-02;190.33
2002-07-01;194.24
2002-06-28;190.22
2002-06-27;186.05
2002-06-26;194.71
2002-06-25;199.46
2002-06-24;195.58
2002-06-21;201.64
2002-06-20;200.02
2002-06-19;195.68
2002-06-18;209.06
2002-06-17;205.30
2002-06-14;205.75
2002-06-13;204.86
2002-06-12;200.11
2002-06-11;202.31
2002-06-10;197.11
2002-06-07;211.00
2002-06-06;209.49
2002-06-05;199.55
2002-06-04;211.99
2002-06-03;213.77
2002-05-31;214.81
2002-05-29;199.33
2002-05-28;211.45
2002-05-27;212.68
2002-05-24;195.07
2002-05-23;199.40
2002-05-22;205.63
2002-05-21;201.03
2002-05-20;196.03
2002-05-17;207.88
2002-05-16;198.27
2002-05-15;201.98
2002-05-14;204.77
2002-05-13;200.29
2002-05-10;204.90
2002-05-09;189.98
2002-05-08;205.59
2002-05-07;201.08
2002-05-06;191.36
2002-05-02;207.96
2002-04-30;209.05
2002-04-29;207.23
2002-04-26;201.20
2002-04-25;208.66
2002-04-24;207.81
2002-04-23;196.94
2002-04-22;199.32
2002-04-19;199.83
2002-04-18;194.14
2002-04-17;210.21
2002-04-16;202.28
2002-04-15;196.96
2002-04-12;199.57
2002-04-11;199.90
2002-04-10;207.89
2002-04-09;188.33
2002-04-08;190.88
2002-04-05;191.38
2002-04-04;193.82
2002-04-03;201.16
2002-04-02;190.72
2002-03-28;197.23
2002-03-27;195.17
2002-03-26;195.81
2002-03-25;190.01
2002-03-22;186.28
2002-03-21;189.45
2002-03-20;188.34
2002-03-19;192.89
2002-03-18;187.72
2002-03-15;204.58
2002-03-14;200.06
2002-03-13;184.76
2002-03-12;203.07
2002-03-11;195.20
2002-03-08;200.45
2002-03-07;202.25
2002-03-06;198.31
2002-03-05;206.06
2002-03-04;188.34
2002-03-01;189.38
2002-02-28;199.50
2002-02-27;203.30
2002-02-26;198.72
2002-02-25;181.60
2002-02-22;196.59
2002-02-21;201.51
2002-02-20;189.73
2002-02-19;188.23
2002-02-18;203.32
2002-02-15;201.39
2002-02-14;201.54
2002-02-13;192.88
2002-02-12;202.41
2002-02-11;193.86
2002-02-08;197.96
2002-02-07;198.93
2002-02-06;202.09
2002-02-05;203.01
2002-02-04;200.37
2002-02-01;205.76
2002-01-31;191.52
2002-01-30;193.10
2002-01-29;206.74
2002-01-28;198.93
2002-01-25;205.00
2002-01-24;208.53
2002-01-23;207.74
2002-01-22;195.94
2002-01-21;192.83
2002-01-18;193.65
2002-01-17;188.99
2002-01-16;204.69
2002-01-15;192.72
2002-01-14;191.47
2002-01-11;207.02
2002-01-10;190.30
2002-01-09;196.27
2002-01-08;188.83
2002-01-07;182.71
2002-01-04;190.83
2002-01-03;176.15
2002-01-02;189.01
2001-12-31;184.88
2001-12-28;176.89
2001-12-27;173.00
2001-12-21;170.86
2001-12-20;179.16
2001-12-19;174.16
2001-12-18;178.94
2001-12-17;186.31
2001-12-14;169.62
2001-12-13;174.55
2001-12-12;172.20
2001-12-11;179.60
2001-12-10;189.02
2001-12-07;174.69
2001-12-06;188.19
2001-12-05;183.23
2001-12-04;186.01
2001-12-03;171.19
2001-11-30;179.18
2001-11-29;175.38
2001-11-28;182.80
2001-11-27;176.15
2001-11-26;185.55
2001-11-23;177.13
2001-11-22;180.62
2001-11-21;177.50
2001-11-20;183.13
2001-11-19;176.29
2001-11-16;183.33
2001-11-15;186.23
2001-11-14;189.97
2001-11-13;175.10
2001-11-12;179.69
2001-11-09;183.10
2001-11-08;181.79
2001-11-07;171.55
2001-11-06;185.26
2001-11-05;184.64
2001-11-02;177.21
2001-10-31;183.08
2001-10-30;181.50
2001-10-29;182.38
2001-10-26;175.60
2001-10-25;181.18
2001-10-24;171.14
2001-10-23;172.13
2001-10-22;180.38
2001-10-19;177.33
2001-10-18;166.92
2001-10-17;176.40
2001-10-16;174.72
2001-10-15;165.98
2001-10-12;169.67
2001-10-11;174.29
2001-10-10;169.20
2001-10-09;157.54
2001-10-08;155.60
2001-10-05;155.51
2001-10-04;167.64
2001-10-03;151.68
2001-10-02;153.46
2001-10-01;161.34
2001-09-28;165.92
2001-09-27;157.89
2001-09-26;159.38
2001-09-25;162.20
2001-09-24;150.82
2001-09-21;163.53
2001-09-20;154.96
2001-09-19;162.82
2001-09-18;164.89
2001-09-17;165.42
2001-09-14;155.58
2001-09-13;167.67
2001-09-12;169.22
2001-09-11;162.24
2001-09-10;171.07
2001-09-07;164.66
2001-09-06;172.12
2001-09-05;168.45
2001-09-04;164.28
2001-09-03;167.04
2001-08-31;163.29
2001-08-30;169.56
2001-08-29;163.88
2001-08-28;165.29
2001-08-27;162.78
2001-08-24;165.49
2001-08-23;157.03
2001-08-22;171.56
2001-08-21;168.91
2001-08-20;160.96
2001-08-17;160.00
2001-08-16;153.82
2001-08-14;161.34
2001-08-13;166.93
2001-08-10;164.24
2001-08-09;166.50
2001-08-08;161.48
2001-08-07;174.93
2001-08-06;162.37
2001-08-03;175.01
2001-08-02;164.65
2001-08-01;170.74
2001-07-31;174.46
2001-07-30;165.30
2001-07-27;164.63
2001-07-26;167.10
2001-07-25;169.62
2001-07-24;171.82
2001-07-23;163.27
2001-07-20;175.96
2001-07-19;170.40
2001-07-18;175.97
2001-07-17;172.80
2001-07-16;177.64
2001-07-13;167.18
2001-07-12;168.39
2001-07-11;173.73
2001-07-10;166.37
2001-07-09;165.03
2001-07-06;172.32
2001-07-05;177.30
2001-07-04;164.27
2001-07-03;170.16
2001-07-02;171.04
2001-06-29;182.24
2001-06-28;171.47
2001-06-27;168.10
2001-06-26;174.27
2001-06-25;177.71
2001-06-22;173.07
2001-06-21;175.07
2001-06-20;177.87
2001-06-19;183.52
2001-06-18;179.73
2001-06-15;175.19
2001-06-13;187.95
2001-06-12;175.59
2001-06-11;177.37
2001-06-08;174.34
2001-06-07;177.17
2001-06-06;187.84
2001-06-05;181.43
2001-06-04;187.19
2001-06-01;185.29
2001-05-31;187.83
2001-05-30;190.93
2001-05-29;183.63
2001-05-28;189.45
2001-05-25;198.07
2001-05-24;191.11
2001-05-23;185.31
2001-05-22;184.24
2001-05-21;196.90
2001-05-18;185.57
2001-05-17;178.90
2001-05-16;191.64
2001-05-15;178.36
2001-05-14;188.19
2001-05-11;183.49
2001-05-10;183.41
2001-05-09;180.74
2001-05-08;178.59
2001-05-07;187.94
2001-05-04;180.43
2001-05-02;190.38
2001-04-30;196.60
2001-04-27;186.62
2001-04-26;180.99
2001-04-25;188.35
2001-04-24;190.85
2001-04-23;183.80
2001-04-20;192.35
2001-04-19;197.65
2001-04-18;185.80
2001-04-17;177.07
2001-04-12;179.34
2001-04-11;179.05
2001-04-10;174.18
2001-04-09;174.71
2001-04-06;181.16
2001-04-05;175.50
2001-04-04;178.64
2001-04-03;180.67
2001-04-02;168.79
2001-03-30;180.73
2001-03-29;179.27
2001-03-28;170.67
2001-03-27;177.08
2001-03-26;176.97
2001-03-23;184.30
2001-03-22;177.34
2001-03-21;180.53
2001-03-20;178.13
2001-03-19;167.47
2001-03-16;171.17
2001-03-15;178.74
2001-03-14;171.74
2001-03-13;176.67
2001-03-12;175.88
2001-03-09;180.11
2001-03-08;172.53
2001-03-07;180.57
2001-03-06;190.90
2001-03-05;189.93
2001-03-02;183.52
2001-03-01;173.16
2001-02-28;188.62
2001-02-27;175.77
2001-02-26;193.84
2001-02-23;181.07
2001-02-22;178.02
2001-02-21;184.76
2001-02-20;197.48
2001-02-19;195.10
2001-02-16;199.59
2001-02-15;187.33
2001-02-14;198.87
2001-02-13;194.94
2001-02-12;184.41
2001-02-10;188.92
2001-02-08;197.17
2001-02-07;199.08
2001-02-06;198.90
2001-02-05;194.26
2001-02-02;195.05
2001-02-01;198.11
2001-01-31;205.80
2001-01-30;200.46
2001-01-29;194.65
2001-01-26;208.81
2001-01-25;194.19
2001-01-24;195.32
2001-01-23;203.48
2001-01-22;201.61
2001-01-19;201.58
2001-01-18;197.62
2001-01-17;199.83
2001-01-16;186.89
2001-01-15;190.22
2001-01-12;188.92
2001-01-11;191.70
2001-01-10;190.65
2001-01-09;195.35
2001-01-08;204.86
2001-01-05;201.10
2001-01-04;210.80
2001-01-03;201.25
2001-01-02;192.07
2000-12-29;204.74
2000-12-28;203.25
2000-12-27;202.92
2000-12-22;204.02
2000-12-21;194.33
2000-12-20;191.22
2000-12-19;197.67
2000-12-18;208.37
2000-12-15;198.05
2000-12-14;198.08
2000-12-13;188.63
2000-12-12;197.99
2000-12-11;198.26
2000-12-08;196.26
2000-12-07;186.95
2000-12-06;194.32
2000-12-05;179.44
2000-12-04;190.11
2000-12-01;191.77
2000-11-30;182.93
2000-11-29;192.23
2000-11-28;196.07
2000-11-27;187.93
2000-11-24;192.47
2000-11-23;187.45
2000-11-22;187.10
2000-11-21;198.57
2000-11-20;193.91
2000-11-17;185.25
2000-11-16;180.93
2000-11-15;181.87
2000-11-14;186.86
2000-11-13;181.16
2000-11-10;189.17
2000-11-09;186.31
2000-11-08;187.88
2000-11-07;185.90
2000-11-06;182.04
2000-11-03;193.12
2000-11-02;192.25
2000-10-31;183.39
2000-10-30;177.04
2000-10-27;176.10
2000-10-26;174.68
2000-10-25;189.79
2000-10-24;178.62
2000-10-23;189.49
2000-10-20;182.91
2000-10-19;174.29
2000-10-18;177.45
2000-10-17;186.54
2000-10-16;178.17
2000-10-13;169.38
2000-10-12;179.68
2000-10-11;182.05
2000-10-10;187.15
2000-10-09;184.01
2000-10-06;186.68
2000-10-05;193.63
2000-10-04;181.47
2000-10-03;190.49
2000-10-02;192.81
2000-09-29;181.74
2000-09-28;187.42
2000-09-27;189.44
2000-09-26;182.42
2000-09-25;196.02
2000-09-22;192.77
2000-09-21;199.82
2000-09-20;209.73
2000-09-19;194.01
2000-09-18;199.25
2000-09-15;195.73
2000-09-14;211.98
2000-09-13;202.65
2000-09-12;203.67
2000-09-11;203.30
2000-09-08;210.11
2000-09-07;197.85
2000-09-06;212.57
2000-09-05;209.69
2000-09-04;209.76
2000-09-01;200.55
2000-08-31;198.56
2000-08-30;198.08
2000-08-29;198.94
2000-08-28;200.23
2000-08-25;196.32
2000-08-24;200.03
2000-08-23;209.58
2000-08-22;209.35
2000-08-21;198.44
2000-08-18;208.80
2000-08-17;197.20
2000-08-16;201.88
2000-08-14;196.41
2000-08-11;199.61
2000-08-10;207.54
2000-08-09;212.92
2000-08-08;196.13
2000-08-07;214.74
2000-08-04;206.21
2000-08-03;212.93
2000-08-02;205.43
2000-08-01;208.68
2000-07-31;195.78
2000-07-28;198.45
2000-07-27;202.94
2000-07-26;205.93
2000-07-25;217.72
2000-07-24;208.55
2000-07-21;210.45
2000-07-20;222.51
2000-07-19;214.13
2000-07-18;212.65
2000-07-17;218.36
2000-07-14;217.75
2000-07-13;205.21
2000-07-12;209.57
2000-07-11;200.59
2000-07-10;202.69
2000-07-07;207.61
2000-07-06;216.13
2000-07-05;206.45
2000-07-04;218.43
2000-07-03;207.11
2000-06-30;215.61
2000-06-29;205.26
2000-06-28;221.94
2000-06-27;226.10
2000-06-26;206.87
2000-06-23;205.23
2000-06-21;218.61
2000-06-20;205.39
2000-06-19;208.35
2000-06-16;210.63
2000-06-15;216.21
2000-06-14;213.01
2000-06-13;203.40
2000-06-12;204.25
2000-06-09;218.38
2000-06-08;222.89
2000-06-07;205.60
2000-06-06;207.56
2000-06-05;212.63
2000-06-02;218.53
2000-06-01;220.72
2000-05-31;220.40
2000-05-30;202.22
2000-05-29;200.20
2000-05-26;209.54
2000-05-25;200.97
2000-05-24;197.04
2000-05-23;215.80
2000-05-22;208.84
2000-05-19;214.16
2000-05-18;218.25
2000-05-17;222.13
2000-05-16;211.60
2000-05-15;210.71
2000-05-12;210.33
2000-05-11;213.31
2000-05-10;207.46
2000-05-09;201.71
2000-05-08;197.21
2000-05-05;202.23
2000-05-04;200.51
2000-04-28;204.14
2000-04-27;206.74
2000-04-26;198.81
2000-04-25;214.83
2000-04-20;211.72
2000-04-19;208.70
2000-04-18;212.51
2000-04-17;205.32
2000-04-14;219.96
2000-04-13;217.25
2000-04-12;218.58
2000-04-11;212.89
2000-04-10;222.89
2000-04-07;225.11
2000-04-06;226.70
2000-04-05;218.82
2000-04-04;235.04
2000-04-03;240.75
2000-03-31;240.55
2000-03-30;241.95
2000-03-29;241.84
2000-03-28;248.81
2000-03-27;256.66
2000-03-24;254.54
2000-03-23;245.00
2000-03-22;255.93
2000-03-21;237.52
2000-03-20;244.50
2000-03-17;237.19
2000-03-16;250.25
2000-03-15;246.92
2000-03-14;251.61
2000-03-13;250.23
2000-03-10;260.25
2000-03-09;239.08
2000-03-08;227.39
2000-03-07;246.58
2000-03-06;233.94
2000-03-03;247.24
2000-03-02;233.38
2000-03-01;234.58
2000-02-29;238.84
2000-02-28;236.17
2000-02-25;250.52
2000-02-24;265.51
2000-02-23;254.70
2000-02-22;245.11
2000-02-21;237.69
2000-02-18;240.39
2000-02-17;243.45
2000-02-16;231.82
2000-02-15;234.50
2000-02-14;216.47
2000-02-11;237.44
2000-02-10;238.71
2000-02-09;232.90
2000-02-08;228.94
2000-02-07;220.26
2000-02-04;223.81
2000-02-03;215.03
2000-02-02;211.67
2000-02-01;210.54
2000-01-31;206.13
2000-01-28;200.61
2000-01-27;213.47
2000-01-26;203.07
2000-01-25;211.55
2000-01-24;203.97
2000-01-21;216.66
2000-01-20;216.22
2000-01-19;206.48
2000-01-18;221.84
2000-01-17;219.89
2000-01-14;209.50
2000-01-13;221.66
2000-01-12;215.23
2000-01-11;221.42
2000-01-10;203.49
2000-01-07;206.58
2000-01-06;191.31
2000-01-05;193.83
2000-01-04;202.82
2000-01-03;202.60
1999-12-29;197.04
1999-12-28;196.76
1999-12-27;195.52
1999-12-23;187.11
1999-12-22;180.71
1999-12-21;186.62
1999-12-20;186.36
1999-12-17;183.94
1999-12-16;177.83
1999-12-15;182.34
1999-12-14;176.43
1999-12-13;181.63
1999-12-10;179.51
1999-12-09;184.62
1999-12-08;183.18
1999-12-07;182.24
1999-12-06;171.51
1999-12-03;184.84
1999-12-02;184.57
1999-12-01;186.16
1999-11-30;167.90
1999-11-29;171.55
1999-11-26;177.82
1999-11-25;183.82
1999-11-24;167.35
1999-11-23;181.43
1999-11-22;177.59
1999-11-19;170.43
1999-11-18;168.71
1999-11-17;172.80
1999-11-16;170.55
1999-11-15;173.13
1999-11-09;163.86
1999-11-08;160.06
1999-11-05;162.34
1999-11-04;167.61
1999-11-03;166.07
1999-11-02;164.29
1999-10-29;163.13
1999-10-28;167.59
1999-10-27;164.45
1999-10-26;169.90
1999-10-25;164.70
1999-10-22;175.13
1999-10-21;167.61
1999-10-20;161.67
1999-10-19;168.05
1999-10-18;157.07
1999-10-15;160.58
1999-10-14;168.42
1999-10-13;166.35
1999-10-12;165.05
1999-10-11;162.79
1999-10-08;173.36
1999-10-07;172.93
1999-10-06;175.32
1999-10-05;159.80
1999-10-04;160.94
1999-10-01;159.49
1999-09-30;167.88
1999-09-29;164.08
1999-09-28;162.24
1999-09-27;169.85
1999-09-24;170.90
1999-09-23;174.43
1999-09-22;162.54
1999-09-21;174.05
1999-09-20;183.94
1999-09-17;176.55
1999-09-16;180.00
1999-09-15;169.27
1999-09-14;182.19
1999-09-13;186.00
1999-09-10;191.09
1999-09-09;178.01
1999-09-08;188.68
1999-09-07;186.74
1999-09-06;195.22
1999-09-03;185.69
1999-09-02;194.97
1999-09-01;194.62
1999-08-31;189.90
1999-08-30;198.25
1999-08-27;181.60
1999-08-26;181.78
1999-08-25;193.07
1999-08-24;185.67
1999-08-23;179.89
1999-08-20;180.35
1999-08-19;185.96
1999-08-18;186.12
1999-08-17;180.79
1999-08-16;186.66
1999-08-13;182.12
1999-08-12;178.75
1999-08-11;179.48
1999-08-10;178.67
1999-08-09;178.83
1999-08-06;179.22
1999-08-05;193.33
1999-08-04;189.36
1999-08-03;194.77
1999-08-02;188.42
1999-07-30;189.08
1999-07-29;193.22
1999-07-28;181.19
1999-07-27;195.46
1999-07-26;192.07
1999-07-23;194.48
1999-07-22;184.34
1999-07-21;195.96
1999-07-20;184.87
1999-07-19;190.85
1999-07-16;188.12
1999-07-15;188.77
1999-07-14;186.18
1999-07-13;189.50
1999-07-12;197.59
1999-07-09;197.19
1999-07-08;182.27
1999-07-07;195.27
1999-07-06;189.11
1999-07-05;187.19
1999-07-02;184.51
1999-07-01;178.45
1999-06-30;189.89
1999-06-29;183.00
1999-06-28;178.19
1999-06-25;179.27
1999-06-24;189.11
1999-06-23;178.43
1999-06-22;190.52
1999-06-21;183.67
1999-06-18;174.96
1999-06-17;182.26
1999-06-16;185.51
1999-06-15;181.38
1999-06-14;174.99
1999-06-11;172.10
1999-06-10;175.01
1999-06-09;170.87
1999-06-08;168.59
1999-06-07;176.39
1999-06-02;169.79
1999-06-01;176.67
1999-05-31;173.89
1999-05-28;175.80
1999-05-27;166.90
1999-05-26;166.79
1999-05-25;174.38
1999-05-24;171.05
1999-05-21;171.80
1999-05-20;176.10
1999-05-19;164.00
1999-05-18;166.84
1999-05-17;160.64
1999-05-14;169.67
1999-05-13;165.51
1999-05-12;162.00
1999-05-11;169.48
1999-05-10;170.83
1999-05-07;163.92
1999-05-06;168.20
1999-05-05;170.33
1999-05-04;170.21
1999-04-30;174.49
1999-04-29;169.13
1999-04-28;164.42
1999-04-27;168.80
1999-04-26;178.50
1999-04-23;176.88
1999-04-22;175.53
1999-04-21;173.80
1999-04-20;177.07
1999-04-19;163.41
1999-04-16;167.16
1999-04-15;156.67
1999-04-14;167.40
1999-04-13;161.29
1999-04-12;159.97
1999-04-09;173.02
1999-04-08;158.31
1999-04-07;166.54
1999-04-06;166.02
1999-03-31;154.92
1999-03-30;165.29
1999-03-29;158.00
1999-03-26;157.09
1999-03-25;161.42
1999-03-24;151.04
1999-03-23;169.20
1999-03-22;153.79
1999-03-19;166.20
1999-03-18;162.49
1999-03-17;163.25
1999-03-16;155.27
1999-03-15;159.95
1999-03-12;158.81
1999-03-11;162.55
1999-03-10;163.31
1999-03-09;160.10
1999-03-08;158.06
1999-03-05;150.34
1999-03-04;149.12
1999-03-03;149.94
1999-03-02;158.14
1999-03-01;157.24
1999-02-26;151.28
1999-02-25;160.34
1999-02-24;162.77
1999-02-23;155.64
1999-02-22;166.95
1999-02-19;159.93
1999-02-18;155.96
1999-02-17;162.17
1999-02-16;168.59
1999-02-15;169.05
1999-02-12;165.30
1999-02-11;162.55
1999-02-10;161.85
1999-02-09;165.59
1999-02-05;172.55
1999-02-04;167.94
1999-02-03;163.81
1999-02-02;162.51
1999-02-01;164.58
1999-01-29;177.11
1999-01-28;158.19
1999-01-27;167.81
1999-01-26;173.14
1999-01-25;164.66
1999-01-22;157.96
1999-01-21;170.87
1999-01-20;158.81
1999-01-19;156.60
1999-01-18;164.07
1999-01-15;142.47
1999-01-14;146.92
1999-01-13;159.84
1999-01-12;170.30
1999-01-11;161.04
1999-01-08;167.08
1999-01-07;171.51
1999-01-06;157.69
1999-01-05;159.33
1999-01-04;158.65
1998-12-31;153.62
1998-12-30;151.96
1998-12-29;157.60
1998-12-28;158.25
1998-12-23;146.75
1998-12-22;145.81
1998-12-21;139.88
1998-12-18;138.50
1998-12-17;144.64
1998-12-16;135.75
1998-12-15;135.19
1998-12-14;138.34
1998-12-11;135.07
1998-12-10;144.13
1998-12-09;146.63
1998-12-08;145.12
1998-12-07;137.34
1998-12-04;134.26
1998-12-03;138.74
1998-12-02;130.46
1998-12-01;139.34
1998-11-30;134.93
1998-11-27;140.03
1998-11-26;142.04
1998-11-25;141.57
1998-11-24;138.94
1998-11-23;147.10
1998-11-20;140.34
1998-11-19;146.92
1998-11-18;141.15
1998-11-17;151.50
1998-11-16;148.63
1998-11-13;145.34
1998-11-12;137.53
1998-11-10;144.93
1998-11-09;141.36
1998-11-06;152.76
1998-11-05;141.40
1998-11-04;145.31
1998-11-03;140.12
1998-11-02;147.85
1998-10-30;144.57
1998-10-29;134.75
1998-10-28;131.40
1998-10-27;138.89
1998-10-26;135.86
1998-10-23;130.85
1998-10-22;134.28
1998-10-21;121.78
1998-10-20;129.67
1998-10-19;127.13
1998-10-16;120.32
1998-10-15;126.33
1998-10-14;127.42
1998-10-13;119.32
1998-10-12;120.24
1998-10-09;118.93
1998-10-08;121.19
1998-10-07;128.78
1998-10-06;119.84
1998-10-05;122.41
1998-10-02;119.72
1998-10-01;131.20
1998-09-30;130.67
1998-09-29;131.52
1998-09-28;131.83
1998-09-25;137.15
1998-09-24;139.78
1998-09-23;130.90
1998-09-22;127.52
1998-09-21;119.45
1998-09-18;123.77
1998-09-17;129.36
1998-09-16;125.95
1998-09-15;130.36
1998-09-14;126.09
1998-09-11;134.53
1998-09-10;137.49
1998-09-09;130.14
1998-09-08;131.32
1998-09-07;136.05
1998-09-04;127.62
1998-09-03;124.49
1998-09-02;131.02
1998-09-01;113.41
1998-08-31;125.68
1998-08-28;132.77
1998-08-27;132.76
1998-08-26;147.05
1998-08-25;150.71
1998-08-24;152.58
1998-08-21;157.14
1998-08-20;160.16
1998-08-19;163.57
1998-08-18;149.18
1998-08-17;156.64
1998-08-14;153.33
1998-08-13;157.53
1998-08-12;153.24
1998-08-11;153.75
1998-08-10;164.24
1998-08-07;167.97
1998-08-06;161.27
1998-08-05;160.83
1998-08-04;163.94
1998-08-03;159.42
1998-07-31;170.16
1998-07-30;161.04
1998-07-29;165.18
1998-07-28;178.39
1998-07-27;171.36
1998-07-24;171.23
1998-07-23;180.31
1998-07-22;167.73
1998-07-21;176.60
1998-07-20;182.89
1998-07-17;171.47
1998-07-16;182.64
1998-07-15;180.92
1998-07-14;179.82
1998-07-13;165.48
1998-07-10;162.24
1998-07-09;175.82
1998-07-08;169.35
1998-07-07;170.98
1998-07-06;164.69
1998-07-03;170.59
1998-07-02;172.79
1998-07-01;168.01
1998-06-30;154.97
1998-06-29;156.75
1998-06-26;156.88
1998-06-25;161.73
1998-06-24;161.51
1998-06-23;160.02
1998-06-22;161.57
1998-06-19;166.99
1998-06-18;160.73
1998-06-17;160.38
1998-06-16;148.02
1998-06-15;148.78
1998-06-10;154.66
1998-06-09;159.25
1998-06-08;167.23
1998-06-05;165.42
1998-06-04;153.84
1998-06-03;158.17
1998-06-02;155.07
1998-06-01;150.20
1998-05-29;155.02
1998-05-28;155.07
1998-05-27;167.40
1998-05-26;174.18
1998-05-25;171.18
1998-05-22;175.94
1998-05-21;173.68
1998-05-20;172.97
1998-05-19;180.73
1998-05-18;172.59
1998-05-15;180.91
1998-05-14;189.09
1998-05-13;178.21
1998-05-12;192.83
1998-05-11;181.88
1998-05-08;189.48
1998-05-07;189.45
1998-05-06;185.06
1998-05-05;183.34
1998-05-04;193.91
1998-04-30;183.91
1998-04-29;195.45
1998-04-28;195.11
1998-04-27;188.18
1998-04-24;193.98
1998-04-23;188.08
1998-04-22;180.68
1998-04-21;184.27
1998-04-20;193.05
1998-04-17;185.63
1998-04-16;199.46
1998-04-15;199.32
1998-04-14;185.84
1998-04-09;189.11
1998-04-08;188.92
1998-04-07;197.93
1998-04-06;179.46
1998-04-02;187.00
1998-04-01;192.01
